{
  "output_order": [
    "z_mean",
    "z_log_var"
  ],
  "z_log_var": [
    [
      0.0493878498673439,
      0.2336033135652542,
      0.026336930692195892,
      -0.08732904493808746,
      0.24280790984630585,
      0.04750650003552437,
      0.10728380084037781,
      0.10381633043289185,
      0.07904905080795288,
      -0.007846356369554996,
      0.09488648176193237,
      0.0032475884072482586,
      -0.14431604743003845,
      -0.07144681364297867,
      -0.08715485781431198,
      0.08393709361553192
    ]
  ],
  "z_log_var_stats": {
    "max": 0.24280790984630585,
    "mean": 0.04211060702800751,
    "min": -0.14431604743003845,
    "std": 0.10498645156621933
  },
  "z_mean": [
    [
      -0.10970349609851837,
      0.037038084119558334,
      -0.03827054053544998,
      -0.11349696666002274,
      0.0645749419927597,
      -0.03000698797404766,
      -0.09716775268316269,
      -0.02708571031689644,
      -0.13070735335350037,
      -0.11260595172643661,
      -0.0925547331571579,
      0.11202792823314667,
      -0.11730603873729706,
      -0.2139805406332016,
      -0.022638382390141487,
      -0.04892111197113991
    ]
  ],
  "z_mean_stats": {
    "max": 0.11202792823314667,
    "mean": -0.058800287544727325,
    "min": -0.2139805406332016,
    "std": 0.07945680618286133
  }
}