{
  "output_order": [
    "z_mean",
    "z_log_var"
  ],
  "z_log_var": [
    [
      0.11992447823286057,
      -0.057846978306770325,
      0.25705447793006897,
      0.06520356237888336,
      0.10673222690820694,
      -0.17297270894050598,
      -0.05453548580408096,
      0.2746397852897644,
      0.10529438406229019,
      0.030917970463633537,
      0.2488306164741516,
      -0.11521323770284653,
      -0.058695316314697266,
      0.012656573206186295,
      -0.06101871281862259,
      -0.06630410999059677
    ]
  ],
  "z_log_var_stats": {
    "max": 0.2746397852897644,
    "mean": 0.03966672345995903,
    "min": -0.17297270894050598,
    "std": 0.13265377283096313
  },
  "z_mean": [
    [
      -0.042367178946733475,
      -0.05721869692206383,
      -0.11128845810890198,
      -0.07034821063280106,
      -0.14269393682479858,
      0.062022194266319275,
      -0.170843705534935,
      0.05667435750365257,
      -0.16855178773403168,
      0.13207107782363892,
      -0.17925897240638733,
      0.0027245839592069387,
      -0.30390849709510803,
      -0.26411065459251404,
      -0.1702210009098053,
      0.12226163595914841
    ]
  ],
  "z_mean_stats": {
    "max": 0.13207107782363892,
    "mean": -0.08156607300043106,
    "min": -0.30390849709510803,
    "std": 0.1266377717256546
  }
}