{
  "results": [
    {
      "command": "/tmp/matmul_naive 3",
      "mean": 0.7761248778800001,
      "stddev": 0.006916772880172645,
      "median": 0.7752120194800001,
      "user": 0.7750353,
      "system": 0.0009494159999999998,
      "min": 0.7698053944800001,
      "max": 0.7878141444800001,
      "times": [
        0.7878141444800001,
        0.7724774784800001,
        0.7698053944800001,
        0.7752120194800001,
        0.77531535248
      ],
      "exit_codes": [
        0,
        0,
        0,
        0,
        0
      ]
    },
    {
      "command": "/tmp/matmul_omp 3",
      "mean": 0.06406665794666667,
      "stddev": 0.0027858063626921585,
      "median": 0.06323693548,
      "user": 0.2764879666666667,
      "system": 0.0075758200000000005,
      "min": 0.061518268480000006,
      "max": 0.07126681048,
      "times": [
        0.06736039448,
        0.06158831048000001,
        0.06418664448,
        0.07126681048,
        0.062423602480000014,
        0.06220881048000001,
        0.06405831148000002,
        0.06179906048000001,
        0.06753918548000001,
        0.06425722748000001,
        0.06323693548,
        0.06532972748000002,
        0.06216385248000001,
        0.06206272748,
        0.061518268480000006
      ],
      "exit_codes": [
        0,
        0,
        0,
        0,
        0,
        0,
        0,
        0,
        0,
        0,
        0,
        0,
        0,
        0,
        0
      ]
    }
  ]
}
