{
  "seed": 1234,
  "warmup": 10,
  "measure_iters": 50,
  "repeats": 7,
  "per_iter_ms": [
    0.8513616397976875,
    0.6274957582354546,
    0.5421589966863394,
    0.5753653589636087,
    0.5706170201301575,
    0.6046922225505114,
    0.5830003973096609
  ],
  "mean_ms": 0.6220987705247742,
  "median_ms": 0.5830003973096609,
  "min_ms": 0.5421589966863394,
  "max_ms": 0.8513616397976875,
  "stdev_ms": 0.09684082021929874,
  "cv_percent": 15.56679177128227
}