{
  "seed": 1234,
  "warmup": 10,
  "measure_iters": 50,
  "repeats": 7,
  "per_iter_ms": [
    0.7516918797045946,
    0.6754293572157621,
    0.7360117789357901,
    0.789092481136322,
    0.7430024072527885,
    0.7041017804294825,
    0.7735280133783817
  ],
  "mean_ms": 0.7389796711504459,
  "median_ms": 0.7430024072527885,
  "min_ms": 0.6754293572157621,
  "max_ms": 0.789092481136322,
  "stdev_ms": 0.036147678000886675,
  "cv_percent": 4.891565953987862
}