{
  "seed": 1234,
  "input_shape": [
    1,
    240,
    1
  ],
  "input_dtype": "float32",
  "warmup": 10,
  "iterations": 50,
  "repeats": 7,
  "canonical_container": "docker run --rm -v /home/gbrun:/home/gbrun -w /home/gbrun/soda-benchmarks/models/tensorflow/EELS agostini01/soda:latest /bin/bash -lc \"<COMMAND>\"",
  "energy_note": "RAPL counters not available in container context; direct energy unavailable",
  "metrics": {
    "baseline_original": {
      "mean_ms": 0.637589893969042,
      "median_ms": 0.5990090221166611,
      "p95_ms": 0.7737551219761372,
      "std_ms": 0.07977648241250075,
      "cv_percent": 12.512193679213848,
      "min_ms": 0.5690352246165276,
      "max_ms": 0.7969431765377522,
      "samples_ms": [
        0.7969431765377522,
        0.7196496613323689,
        0.5990090221166611,
        0.594066521152854,
        0.6027501169592142,
        0.5816755350679159,
        0.5690352246165276
      ],
      "delta_mean_ms_vs_baseline": 0.0,
      "improvement_percent_vs_baseline": 0.0
    },
    "fp32_baseline_savedmodel": {
      "mean_ms": 0.641609440956797,
      "median_ms": 0.6191066466271877,
      "p95_ms": 0.7665166100487112,
      "std_ms": 0.07550693398159287,
      "cv_percent": 11.76836392385273,
      "min_ms": 0.5596146546304226,
      "max_ms": 0.804474363103509,
      "samples_ms": [
        0.804474363103509,
        0.6779485195875168,
        0.5596146546304226,
        0.5764126591384411,
        0.6182517856359482,
        0.6191066466271877,
        0.6354574579745531
      ],
      "delta_mean_ms_vs_baseline": 0.004019546987754974,
      "improvement_percent_vs_baseline": -0.6304282777653534
    },
    "graph_xla_savedmodel": {
      "mean_ms": 0.3319587811295475,
      "median_ms": 0.3304412215948105,
      "p95_ms": 0.33866534754633904,
      "std_ms": 0.004455361678834053,
      "cv_percent": 1.3421430406732757,
      "min_ms": 0.3256632201373577,
      "max_ms": 0.3394470829516649,
      "samples_ms": [
        0.3256632201373577,
        0.33302562311291695,
        0.3368412982672453,
        0.3394470829516649,
        0.32887712121009827,
        0.32941590063273907,
        0.3304412215948105
      ],
      "delta_mean_ms_vs_baseline": -0.30563111283949446,
      "improvement_percent_vs_baseline": 47.935375972934466
    },
    "mixed_fp16_savedmodel": {
      "mean_ms": 0.6565780937671661,
      "median_ms": 0.6275591533631086,
      "p95_ms": 0.7690980285406113,
      "std_ms": 0.06601682794566216,
      "cv_percent": 10.054680253933794,
      "min_ms": 0.6034104991704226,
      "max_ms": 0.7880050595849752,
      "samples_ms": [
        0.7880050595849752,
        0.7249816227704287,
        0.6073728017508984,
        0.6034104991704226,
        0.6145012006163597,
        0.6302163191139698,
        0.6275591533631086
      ],
      "delta_mean_ms_vs_baseline": 0.01898819979812416,
      "improvement_percent_vs_baseline": -2.9781211994941263
    },
    "mixed_bf16_savedmodel": {
      "mean_ms": 0.6612070530120816,
      "median_ms": 0.6247505452483892,
      "p95_ms": 0.7743003666400909,
      "std_ms": 0.06554792364732312,
      "cv_percent": 9.913373329689124,
      "min_ms": 0.6106946617364883,
      "max_ms": 0.7965624332427979,
      "samples_ms": [
        0.7965624332427979,
        0.7223555445671082,
        0.6334677617996931,
        0.6247505452483892,
        0.6171326246112585,
        0.6106946617364883,
        0.6234857998788357
      ],
      "delta_mean_ms_vs_baseline": 0.023617159043039626,
      "improvement_percent_vs_baseline": -3.7041300789793183
    },
    "ptq_float16_tflite": {
      "mean_ms": 0.015346580850226539,
      "median_ms": 0.014453278854489326,
      "p95_ms": 0.018329415470361706,
      "std_ms": 0.0017127582793675532,
      "cv_percent": 11.160520353576153,
      "min_ms": 0.014347359538078308,
      "max_ms": 0.01930677331984043,
      "samples_ms": [
        0.01930677331984043,
        0.016048913821578026,
        0.014413576573133469,
        0.014453278854489326,
        0.014347359538078308,
        0.014382358640432358,
        0.014473805204033852
      ],
      "delta_mean_ms_vs_baseline": -0.6222433131188154,
      "improvement_percent_vs_baseline": 97.59303260679165
    }
  }
}