{
  "output_order": [
    "z_mean",
    "z_log_var"
  ],
  "z_log_var": [
    [
      0.12366728484630585,
      -0.05921464413404465,
      0.2597009241580963,
      0.06608451902866364,
      0.10499968379735947,
      -0.17076201736927032,
      -0.052995216101408005,
      0.27267131209373474,
      0.10569452494382858,
      0.029852453619241714,
      0.24803194403648376,
      -0.11699943244457245,
      -0.05822385847568512,
      0.011016535572707653,
      -0.05573616921901703,
      -0.06652529537677765
    ]
  ],
  "z_log_var_stats": {
    "max": 0.27267131209373474,
    "mean": 0.04007890820503235,
    "min": -0.17076201736927032,
    "std": 0.13242168724536896
  },
  "z_mean": [
    [
      -0.0421370267868042,
      -0.0612640306353569,
      -0.11363723129034042,
      -0.06967073678970337,
      -0.14158184826374054,
      0.06073268502950668,
      -0.1687588095664978,
      0.05738389864563942,
      -0.17018809914588928,
      0.1307329386472702,
      -0.1779891401529312,
      0.0009242371888831258,
      -0.30640947818756104,
      -0.2639915943145752,
      -0.17048807442188263,
      0.1245979443192482
    ]
  ],
  "z_mean_stats": {
    "max": 0.1307329386472702,
    "mean": -0.0819840207695961,
    "min": -0.30640947818756104,
    "std": 0.12677878141403198
  }
}