{
  "output_order": [
    "z_mean",
    "z_log_var"
  ],
  "z_log_var": [
    [
      0.051416292786598206,
      0.2319124937057495,
      0.02628132328391075,
      -0.08654221147298813,
      0.24156495928764343,
      0.0453355573117733,
      0.10451819747686386,
      0.10382750630378723,
      0.07664281129837036,
      -0.007755194790661335,
      0.09348389506340027,
      0.006224866025149822,
      -0.14430734515190125,
      -0.07083155959844589,
      -0.08411537110805511,
      0.0823526605963707
    ]
  ],
  "z_log_var_stats": {
    "max": 0.24156495928764343,
    "mean": 0.041875556111335754,
    "min": -0.14430734515190125,
    "std": 0.10400564223527908
  },
  "z_mean": [
    [
      -0.11210799962282181,
      0.03434887155890465,
      -0.03647226095199585,
      -0.1147148460149765,
      0.06299706548452377,
      -0.029254721477627754,
      -0.09615437686443329,
      -0.02737363427877426,
      -0.1306615024805069,
      -0.11149972677230835,
      -0.0933217704296112,
      0.11244981735944748,
      -0.11689255386590958,
      -0.21110716462135315,
      -0.024663586169481277,
      -0.05011224374175072
    ]
  ],
  "z_mean_stats": {
    "max": 0.11244981735944748,
    "mean": -0.05903378874063492,
    "min": -0.21110716462135315,
    "std": 0.07886125892400742
  }
}