{
  "baseline_source_output_keys": [
    "output_1",
    "output_0"
  ],
  "output_order": [
    "z_mean",
    "z_log_var"
  ],
  "z_log_var": [
    [
      0.049440424889326096,
      0.2336069643497467,
      0.026357445865869522,
      -0.08727728575468063,
      0.24274688959121704,
      0.047452349215745926,
      0.1072796881198883,
      0.10373982042074203,
      0.07893314957618713,
      -0.007828911766409874,
      0.09491447359323502,
      0.0032293004915118217,
      -0.14431563019752502,
      -0.0713065043091774,
      -0.0871882438659668,
      0.08395929634571075
    ]
  ],
  "z_log_var_stats": {
    "max": 0.24274688959121704,
    "mean": 0.04210895299911499,
    "min": -0.14431563019752502,
    "std": 0.10496432334184647
  },
  "z_mean": [
    [
      -0.10978668183088303,
      0.037103909999132156,
      -0.03829726576805115,
      -0.11349646002054214,
      0.06467274576425552,
      -0.030016714707016945,
      -0.09716752916574478,
      -0.027120312675833702,
      -0.1306910216808319,
      -0.11260330677032471,
      -0.09252965450286865,
      0.1120413988828659,
      -0.11738119274377823,
      -0.21395565569400787,
      -0.022707130759954453,
      -0.04888774827122688
    ]
  ],
  "z_mean_stats": {
    "max": 0.1120413988828659,
    "mean": -0.05880141258239746,
    "min": -0.21395565569400787,
    "std": 0.0794718861579895
  }
}