{
  "output_order": [
    "z_mean",
    "z_log_var"
  ],
  "z_log_var": [
    [
      0.1195870116353035,
      -0.05765854939818382,
      0.2569921910762787,
      0.06535910069942474,
      0.10663218796253204,
      -0.17289425432682037,
      -0.053993381559848785,
      0.27480727434158325,
      0.1050449088215828,
      0.031159307807683945,
      0.2490728348493576,
      -0.11521973460912704,
      -0.058893103152513504,
      0.012694870121777058,
      -0.060985129326581955,
      -0.06644592434167862
    ]
  ],
  "z_log_var_stats": {
    "max": 0.27480727434158325,
    "mean": 0.03970372676849365,
    "min": -0.17289425432682037,
    "std": 0.1326412856578827
  },
  "z_mean": [
    [
      -0.04233499988913536,
      -0.05707515776157379,
      -0.11167557537555695,
      -0.07026953995227814,
      -0.1426626443862915,
      0.06220802664756775,
      -0.17106744647026062,
      0.057094771414995193,
      -0.1685056984424591,
      0.1324605792760849,
      -0.17899560928344727,
      0.00264763250015676,
      -0.3039505183696747,
      -0.2640429735183716,
      -0.17037926614284515,
      0.12232894450426102
    ]
  ],
  "z_mean_stats": {
    "max": 0.1324605792760849,
    "mean": -0.08151371777057648,
    "min": -0.3039505183696747,
    "std": 0.12673252820968628
  }
}