{
  "output_order": [
    "z_mean",
    "z_log_var"
  ],
  "z_log_var": [
    [
      0.049169592559337616,
      0.23359335958957672,
      0.026430366560816765,
      -0.08716823905706406,
      0.24264484643936157,
      0.04738758131861687,
      0.10710892081260681,
      0.10386072844266891,
      0.0788411796092987,
      -0.007556209806352854,
      0.09512492269277573,
      0.0029558769892901182,
      -0.14444735646247864,
      -0.07112063467502594,
      -0.08695849031209946,
      0.08408358693122864
    ]
  ],
  "z_log_var_stats": {
    "max": 0.24264484643936157,
    "mean": 0.04212187975645065,
    "min": -0.14444735646247864,
    "std": 0.10492835193872452
  },
  "z_mean": [
    [
      -0.10976779460906982,
      0.03699570894241333,
      -0.038222525268793106,
      -0.11361359804868698,
      0.06463412195444107,
      -0.03003016486763954,
      -0.09736490249633789,
      -0.027078108862042427,
      -0.1306014358997345,
      -0.1124013364315033,
      -0.09241592884063721,
      0.1120416447520256,
      -0.11724456399679184,
      -0.21351324021816254,
      -0.022635910660028458,
      -0.048814285546541214
    ]
  ],
  "z_mean_stats": {
    "max": 0.1120416447520256,
    "mean": -0.058752018958330154,
    "min": -0.21351324021816254,
    "std": 0.07939798384904861
  }
}