{
  "output_order": [
    "z_mean",
    "z_log_var"
  ],
  "z_log_var": [
    [
      0.11988607048988342,
      -0.05797163397073746,
      0.25692182779312134,
      0.06520485132932663,
      0.10681140422821045,
      -0.17311738431453705,
      -0.05449216812849045,
      0.2746284008026123,
      0.10518038272857666,
      0.03092065081000328,
      0.24882546067237854,
      -0.1152714416384697,
      -0.058752574026584625,
      0.012734548188745975,
      -0.06099594756960869,
      -0.06631962209939957
    ]
  ],
  "z_log_var_stats": {
    "max": 0.2746284008026123,
    "mean": 0.03963705152273178,
    "min": -0.17311738431453705,
    "std": 0.13265986740589142
  },
  "z_mean": [
    [
      -0.04236655309796333,
      -0.057120196521282196,
      -0.11138464510440826,
      -0.07025327533483505,
      -0.14272047579288483,
      0.06198597699403763,
      -0.17089572548866272,
      0.05678413808345795,
      -0.16846421360969543,
      0.13209238648414612,
      -0.17909660935401917,
      0.002713650232180953,
      -0.3039441406726837,
      -0.264175683259964,
      -0.17021802067756653,
      0.12230516225099564
    ]
  ],
  "z_mean_stats": {
    "max": 0.13209238648414612,
    "mean": -0.08154739439487457,
    "min": -0.3039441406726837,
    "std": 0.12665316462516785
  }
}