{
  "output_order": [
    "z_mean",
    "z_log_var"
  ],
  "z_log_var": [
    [
      0.049406301230192184,
      0.2335900515317917,
      0.026293253526091576,
      -0.0872446745634079,
      0.24278393387794495,
      0.04749637469649315,
      0.1072847992181778,
      0.10373935103416443,
      0.07895974814891815,
      -0.007870757021009922,
      0.09490690380334854,
      0.003284110687673092,
      -0.14428475499153137,
      -0.07134328037500381,
      -0.08714589476585388,
      0.08398467302322388
    ]
  ],
  "z_log_var_stats": {
    "max": 0.24278393387794495,
    "mean": 0.04211501032114029,
    "min": -0.14428475499153137,
    "std": 0.1049618348479271
  },
  "z_mean": [
    [
      -0.10983043164014816,
      0.03709469363093376,
      -0.03828275576233864,
      -0.11350235342979431,
      0.06467478722333908,
      -0.029998857527971268,
      -0.09719298779964447,
      -0.027102453634142876,
      -0.1307312250137329,
      -0.11262771487236023,
      -0.09251243621110916,
      0.11206848919391632,
      -0.11738607287406921,
      -0.21393747627735138,
      -0.022728227078914642,
      -0.048886947333812714
    ]
  ],
  "z_mean_stats": {
    "max": 0.11206848919391632,
    "mean": -0.05880512297153473,
    "min": -0.21393747627735138,
    "std": 0.0794791579246521
  }
}