{
  "output_order": [
    "z_mean",
    "z_log_var"
  ],
  "z_log_var": [
    [
      0.057397909462451935,
      0.23676638305187225,
      0.02152421697974205,
      -0.07892212271690369,
      0.2403537482023239,
      0.04663580283522606,
      0.10762108117341995,
      0.1040337085723877,
      0.0860968679189682,
      -0.010762108489871025,
      0.09685897082090378,
      0.003587369341403246,
      -0.13990740478038788,
      -0.07174738496541977,
      -0.08250949531793594,
      0.0860968679189682
    ]
  ],
  "z_log_var_stats": {
    "max": 0.2403537482023239,
    "mean": 0.043945275247097015,
    "min": -0.13990740478038788,
    "std": 0.10409168154001236
  },
  "z_mean": [
    [
      -0.11382680386304855,
      0.032521944493055344,
      -0.0292697511613369,
      -0.10732241719961166,
      0.0585395023226738,
      -0.026017555966973305,
      -0.09431364387273788,
      -0.0292697511613369,
      -0.12683558464050293,
      -0.10732241719961166,
      -0.10732241719961166,
      0.11057461053133011,
      -0.11382680386304855,
      -0.21139264106750488,
      -0.032521944493055344,
      -0.04553072154521942
    ]
  ],
  "z_mean_stats": {
    "max": 0.11057461053133011,
    "mean": -0.05894602835178375,
    "min": -0.21139264106750488,
    "std": 0.0777716189622879
  }
}