{
  "output_order": [
    "z_mean",
    "z_log_var"
  ],
  "z_log_var": [
    [
      0.12555792927742004,
      -0.07174738496541977,
      0.2582905888557434,
      0.06457264721393585,
      0.10762108117341995,
      -0.17936846613883972,
      -0.053810540586709976,
      0.2762274444103241,
      0.11120844632387161,
      0.028698954731225967,
      0.24752847850322723,
      -0.11838319152593613,
      -0.06098527833819389,
      0.02152421697974205,
      -0.06457264721393585,
      -0.06457264721393585
    ]
  ],
  "z_log_var_stats": {
    "max": 0.2762274444103241,
    "mean": 0.03923685476183891,
    "min": -0.17936846613883972,
    "std": 0.13488741219043732
  },
  "z_mean": [
    [
      -0.04227852821350098,
      -0.06179169565439224,
      -0.12033119797706604,
      -0.06829608231782913,
      -0.13659216463565826,
      0.06504388898611069,
      -0.1691141128540039,
      0.055287305265665054,
      -0.17236630618572235,
      0.13008777797222137,
      -0.1756184995174408,
      0.003252194495871663,
      -0.2992019057273865,
      -0.27318432927131653,
      -0.1691141128540039,
      0.12358339130878448
    ]
  ],
  "z_mean_stats": {
    "max": 0.13008777797222137,
    "mean": -0.08191464841365814,
    "min": -0.2992019057273865,
    "std": 0.12684714794158936
  }
}