{
  "output_order": [
    "z_mean",
    "z_log_var"
  ],
  "z_log_var": [
    [
      0.11987625062465668,
      -0.05799493193626404,
      0.2569948136806488,
      0.06516335904598236,
      0.106844462454319,
      -0.1731230467557907,
      -0.05450576916337013,
      0.2746746242046356,
      0.1051972508430481,
      0.03093608096241951,
      0.24886678159236908,
      -0.11527163535356522,
      -0.058726660907268524,
      0.012736598961055279,
      -0.06098303943872452,
      -0.06633149087429047
    ]
  ],
  "z_log_var_stats": {
    "max": 0.2746746242046356,
    "mean": 0.03964710235595703,
    "min": -0.1731230467557907,
    "std": 0.13267818093299866
  },
  "z_mean": [
    [
      -0.04239591956138611,
      -0.057176027446985245,
      -0.11137054115533829,
      -0.07026208192110062,
      -0.14272738993167877,
      0.062032803893089294,
      -0.1708495169878006,
      0.05676141008734703,
      -0.16851694881916046,
      0.1320844292640686,
      -0.1791357696056366,
      0.00273493817076087,
      -0.30394336581230164,
      -0.2641604542732239,
      -0.17020650207996368,
      0.12227560579776764
    ]
  ],
  "z_mean_stats": {
    "max": 0.1320844292640686,
    "mean": -0.08155345916748047,
    "min": -0.30394336581230164,
    "std": 0.1266508549451828
  }
}